Segment,Q1,Q2,Q3,Q4,Total FY25
North,64717355,79131377,66498494,64643907,274991133
South,72161301,82837457,29488219,28784691,213271668
East,72707214,67855860,88541427,86404159,315508660
West,28987809,16633036,63940718,44721828,154283391
Total India,238573679,246457730,248468858,224554585,958054852
Singapore,23031420,16169593,76302218,89154811,204658042
United Kingdom,9621083,83918134,57171691,64799941,215510849
Total overseas,32652503,100087727,133473909,153954752,420168891
Total revenue,271226182,346545457,381942767,378509337,1378223743
